592; elizabeth
371; darcy
293; bennet
262; jane
256; bingley
200; time
182; good
182; lady
178; sister
160; wickham
157; dear
156; collins
152; family
142; great
141; man
130; lydia
130; young
129; day
122; chapter
122; hope
116; father
115; long
115; letter
112; room
110; thought
109; catherine
108; mother
105; house
103; replied
102; friend
100; felt
94; manner
93; lizzy
91; pleasure
91; cried
90; love
89; project
88; longbourn
86; heard
86; feelings
85; subject
84; gardiner
81; happy
78; aunt
77; daughter
77; morning
77; sir
74; ladies
74; looked
73; sisters
73; netherfield
72; evening
72; place
72; happiness
71; hear
69; kitty
68; told
68; opinion
67; attention
67; charlotte
66; received
66; speak
66; marriage
65; left
65; colonel
65; lucas
65; work
64; answer
64; moment
63; town
62; character
62; kind
61; brother
61; passed
61; married
60; coming
60; conversation
60; leave
60; uncle
59; began
58; knew
58; affection
57; party
57; meryton
56; gutenbergtm
56; woman
56; life
56; mind
55; london
55; behaviour
54; general
53; pemberley
53; person
53; visit
53; acquaintance
52; friends
52; return
52; continued
51; reason
51; walk
51; eyes
49; rosings
49; pride
49; word
49; people
49; idea
49; regard
49; daughters
49; bingley’s
48; suppose
48; object
47; settled
47; ill
47; perfectly
46; business
45; heart
45; scarcely
45; girls
44; walked
44; wife
44; carriage
44; darcy’s
44; point
44; returned
44; country
44; terms
44; longer
43; agreeable
43; spoke
43; read
43; turned
43; impossible
43; short
42; manners
42; honour
42; power
42; marry
42; expected
42; husband
42; civility
41; called
41; cousin
40; william
40; convinced
40; asked
40; met
39; rest
39; feel
39; hertfordshire
39; spirits
39; write
39; assure
39; fortune
39; set
39; talking
38; mary
38; sat
38; feeling
38; sort
38; wished
38; believed
38; pleased
38; elizabeth’s
38; situation
38; account
38; stay
38; talked
38; forster
38; sister’s
38; lydia’s
37; brought
37; doubt
37; engaged
37; poor
37; occasion
37; girl
37; handsome
37; glad
37; afraid
36; entered
36; surprise
35; amiable
35; expect
35; sense
35; care
35; gentlemen
34; silence
34; making
34; night
34; invitation
34; advantage
34; surprised
34; bourgh
34; days
34; wishes
34; years
34; answered
34; deal
34; usual
33; satisfied
33; dinner
33; ball
33; appearance
32; head
32; talk
32; speaking
32; dance
32; door
32; works
32; minutes
32; wickham’s
32; society
32; meet
32; gentleman
32; hurst
32; appeared
32; length
32; fitzwilliam
32; men
32; determined
31; gutenberg
31; case
31; comfort
31; instantly
31; fine
31; understand
31; real
30; resolved
30; equal
30; respect
30; countenance
30; opportunity
30; receive
30; consequence
30; air
30; astonishment
30; younger
30; ladyship
30; arrival
29; news
29; table
29; neighbourhood
29; obliged
29; lost
29; money
29; mention
29; bennet’s
29; kindness
29; smile
28; jane’s
28; credit
28; joined
28; early
28; offer
28; week
28; year
28; meant
28; matter
28; highly
28; assured
28; officers
28; mentioned
27; absence
27; observed
27; knowing
27; truth
27; attachment
27; attentions
27; circumstances
27; imagine
27; face
27; easily
27; electronic
27; satisfaction
27; pain
26; turn
26; reply
26; true
26; anxious
26; foundation
26; beauty
26; silent
26; pray
26; expressed
26; allowed
26; compliment
26; thoughts
26; walking
26; wholly
26; exceedingly
26; hours
26; supposed
25; express
25; mother’s
25; concern
25; change
25; send
25; disposition
25; small
25; bear
25; easy
25; admiration
25; delight
25; persuaded
25; children
24; notice
24; library
24; wanted
24; master
24; brighton
24; happened
24; hour
24; hunsford
24; collins’s
24; hand
24; temper
24; derbyshire
24; living
24; greater
24; paid
24; attended
24; pounds
24; match
24; pretty
23; hearing
23; nature
23; sake
23; delighted
23; hopes
23; acquainted
23; spite
23; considered
23; frequently
23; conduct
23; dislike
23; remained
23; prevented
23; fear
23; phillips
23; enquiries
23; degree
23; depend
23; curiosity
23; gratitude
23; large
22; natural
22; attempt
22; praise
22; remember
22; favour
22; pleasing
22; fair
22; park
22; meeting
22; relations
22; united
22; fixed
22; desire
22; event
22; inclination
22; written
22; company
22; eliza
22; expression
22; voice
22; spent
21; breakfast
21; listened
21; promised
21; trouble
21; madam
21; design
21; live
21; wrote
21; dancing
21; receiving
21; marrying
21; endeavour
21; thinking
21; agreement
21; humour
21; journey
21; fortnight
21; repeated
21; intended
20; nephew
20; knowledge
20; estate
20; vain
20; purpose
20; times
20; choose
20; ready
20; hoped
20; greatest
20; charming
20; equally
20; connection
20; particulars
20; favourite
20; niece
20; sitting
20; understanding
20; address
20; mistaken
20; engagement
20; proper
20; acknowledged
20; forced
20; eldest
20; pleasant
19; common
19; copyright
19; regret
19; circumstance
19; regiment
19; drew
19; summer
19; father’s
19; months
19; fancy
19; anxiety
19; strong
19; removed
19; resolution
19; question
19; join
19; comprehend
19; delightful
19; danger
19; late
18; capable
18; persuade
18; street
18; vanity
18; led
18; maria
18; expectation
18; admire
18; superior
18; pause
18; leaving
18; stairs
18; accepted
18; accept
18; health
18; smiled
18; future
18; excellent
18; affair
18; son
18; concerned
18; scheme
18; light
18; slight
18; intelligence
18; play
18; weeks
18; women
18; civil
18; evident
18; avoid
18; reached
18; chance
18; cold
17; loss
17; laugh
17; indifference
17; open
17; motive
17; connections
17; ease
17; license
17; proved
17; absolutely
17; drawingroom
17; affectionate
17; bring
17; disappointment
17; angry
17; resentment
17; view
17; report
17; wait
17; addressed
17; felicity
17; forget
17; form
17; success
17; dearest
17; charlotte’s
17; saturday
17; beg
17; partner
17; sight
17; promise
17; perfect
17; high
17; prevent
17; politeness
16; generally
16; ashamed
16; pardon
16; conviction
16; companion
16; opened
16; parsonage
16; step
16; composure
16; fond
16; catherine’s
16; scene
16; formed
16; chose
16; pass
16; letters
16; dine
16; extraordinary
16; tone
16; excuse
16; spoken
16; miles
16; blame
16; confess
16; intention
16; book
16; distance
16; distress
16; ignorant
16; suddenly
15; housekeeper
15; marked
15; objection
15; seated
15; disposed
15; agree
15; earnest
15; indifferent
15; sit
15; tomorrow
15; advice
15; donations
15; justice
15; period
15; extremely
15; public
15; age
15; tolerable
15; calling
15; chief
15; duty
15; assurance
15; eye
15; servant
15; declared
15; prevailed
15; window
15; winter
15; lively
15; fortunate
15; worth
15; reading
15; trust
15; reasonable
15; belief
15; share
15; beautiful
15; wrong
15; writing
14; eagerly
14; misery
14; observation
14; tolerably
14; interesting
14; aware
14; painful
14; astonished
14; influence
14; visitors
14; sentence
14; ebook
14; unable
14; child
14; bad
14; principal
14; alarm
14; choice
14; supposing
14; parted
14; creature
14; questions
14; caroline
14; wedding
14; arrived
14; secure
14; possibility
14; occurred
14; fact
14; kent
14; compassion
14; gratified
14; greatly
14; charge
14; taste
14; elegant
14; wishing
14; prospect
14; determine
14; struck
14; disagreeable
14; consideration
14; connected
14; assistance
13; literary
13; relief
13; understood
13; intimate
13; respectable
13; produced
13; archive
13; turning
13; stood
13; finding
13; request
13; standing
13; conceal
13; anger
13; lived
13; ideas
13; enjoyment
13; lucases
13; suffer
13; sooner
13; trademark
13; frequent
13; comparison
13; gardiner’s
13; distressed
13; meaning
13; learnt
13; agreed
13; spend
13; partiality
13; leisure
13; worse
13; road
13; brother’s
13; yesterday
13; eager
13; recollected
13; youngest
13; deceived
13; grateful
13; consent
13; evil
13; unhappy
13; plan
13; constant
13; dared
13; clothes
13; opening
12; permission
12; expressions
12; colour
12; observing
12; joy
12; relationship
12; apprehension
12; comfortable
12; perceived
12; returning
12; picture
12; add
12; garden
12; favourable
12; interference
12; admired
12; probable
12; shortly
12; stranger
12; congratulations
12; ——shire
12; single
12; ladyship’s
12; elder
12; application
12; free
12; parties
12; plain
12; disappointed
12; steady
12; copy
12; amusement
12; bringing
12; naturally
12; approaching
12; hint
12; silly
12; courage
12; recommend
12; attached
12; applied
12; believing
12; rich
12; lord
12; enter
12; tuesday
12; servants
12; engagements
12; contempt
12; happen
12; forgotten
12; georgiana
12; false
12; denny
12; danced
12; required
12; judge
12; occasionally
12; speech
12; books
12; entrance
12; listen
12; pay
12; follow
11; feared
11; passing
11; rendered
11; visitor
11; invited
11; informed
11; necessity
11; wild
11; drove
11; folly
11; law
11; aloud
11; chaise
11; provide
11; accomplished
11; difficult
11; learn
11; considerable
11; delicacy
11; education
11; earnestly
11; neglect
11; support
11; imprudent
11; boast
11; music
11; lose
11; hall
11; income
11; laughed
11; relate
11; caught
11; shook
11; generous
11; smallest
11; increased
11; confusion
11; church
11; views
11; gained
11; introduction
11; introduce
11; excessively
11; objections
11; instrument
11; bow
11; desirable
11; relation
11; compliments
11; private
11; confidence
11; decided
11; esteem
11; hurry
11; grieved
11; ground
11; noble
11; recollection
11; tea
11; including
11; communication
11; increasing
11; supper
11; paragraph
11; dreadful
11; remain
11; cousins
11; rank
11; hard
11; satisfy
10; inclined
10; triumph
10; excited
10; shame
10; access
10; insufficient
10; pronounced
10; staying
10; remarkably
10; proceeded
10; unwilling
10; hill
10; debts
10; contents
10; direction
10; quick
10; lambton
10; stand
10; rational
10; flatter
10; coach
10; quit
10; listening
10; endeavoured
10; loved
10; enquiry
10; explanation
10; hurried
10; sentiments
10; heaven
10; encouragement
10; amazement
10; awkward
10; goodness
10; neighbours
10; vexation
10; heartily
10; smiles
10; nieces
10; secrecy
10; disgrace
10; overcome
10; prejudice
10; possession
10; enquire
10; virtue
10; property
10; interruption
10; proposal
10; observe
10; finished
10; chiefly
10; intimacy
10; refund
10; tears
10; partial
10; running
10; furniture
10; bennets
10; reflection
10; impatience
10; prepared
10; unlucky
10; utmost
10; smiling
10; consolation
10; violent
10; concluded
10; undoubtedly
10; laws
10; preference
10; moments
10; contrary
10; forgive
10; mamma
10; strange
10; reynolds
10; lane
10; subjects
10; escape
10; laughing
10; happiest
10; attentive
10; embarrassment
10; difference
10; wretched
10; dances
9; assembly
9; entering
9; bore
9; material
9; haste
9; continue
9; introduced
9; lips
9; exertion
9; seldom
9; minute
9; gracechurch
9; elegance
9; longed
9; patience
9; fresh
9; waiting
9; suspected
9; quitted
9; whisper
9; parish
9; moved
9; uncommonly
9; mistress
9; authority
9; remaining
9; acquaintances
9; close
9; probability
9; hastily
9; fall
9; youth
9; discover
9; reflections
9; suspicion
9; sincerely
9; reception
9; directed
9; story
9; monday
9; offended
9; attending
9; console
9; fears
9; repeatedly
9; lines
9; highest
9; interrupted
9; pity
9; persons
9; spirit
9; elopement
9; likes
9; remembered
9; rejoiced
9; today
9; grave
9; uncle’s
9; offered
9; honoured
9; threw
9; refuse
9; improvement
9; comply
9; admitted
9; explained
9; addition
9; proposals
9; deserve
9; sunday
9; guarded
9; humble
9; quarter
9; hate
9; recommended
9; friendship
9; wednesday
9; valuable
8; quiet
8; george
8; begged
8; extent
8; quitting
8; check
8; style
8; interested
8; discovered
8; prepare
8; death
8; balls
8; ordered
8; friend’s
8; changed
8; foolish
8; thither
8; month
8; figure
8; tax
8; impertinence
8; doubted
8; remarks
8; arrangement
8; opinions
8; direct
8; thrown
8; female
8; quietly
8; eagerness
8; noticed
8; reach
8; separation
8; gallantry
8; wondered
8; nonsense
8; employed
8; indebted
8; force
8; unknown
8; altogether
8; couple
8; fun
8; scotland
8; impatient
8; taught
8; abode
8; complete
8; enjoy
8; certainty
8; advise
8; vexed
8; rooms
8; lodge
8; matters
8; persuasion
8; relieved
8; officer
8; expressing
8; propriety
8; declare
8; throw
8; cousin’s
8; hold
8; lady’s
8; seek
8; warmly
8; occasions
8; fee
8; formal
8; sound
8; collection
8; features
8; heightened
8; safe
8; enquired
8; sudden
8; properly
8; misfortune
8; number
8; idle
8; memory
8; totally
8; notion
8; commendation
8; gentleman’s
8; gentlemanlike
8; difficulty
8; laid
8; owner
8; mistake
8; carried
8; protested
8; chosen
8; insist
8; warmth
8; clear
8; exclaimed
8; sacrifice
8; openly
8; thankful
8; governess
8; drawn
8; fast
8; spared
8; conclusion
8; dined
8; gracious
8; variety
8; unpleasant
8; recollections
8; bestowed
8; husband’s
8; solicitude
8; jenkinson
8; incapable
8; imprudence
8; deny
8; king
8; apology
8; doors
8; watching
8; behaved
8; sentiment
8; alarmed
8; advantages
8; neighbour
8; concerns
8; note
8; horses
8; clergyman
8; prove
8; indignation
8; acknowledge
8; evils
8; judgement
8; encouraged
8; diningroom
8; approach
8; assurances
8; suffered
8; alteration
8; chooses
8; severe
7; rising
7; esteemed
7; parents
7; defect
7; treated
7; intending
7; complexion
7; finally
7; spare
7; uncomfortable
7; expose
7; watched
7; office
7; glance
7; fashion
7; friendly
7; teasing
7; ebooks
7; embarrassed
7; sex
7; discovery
7; sixteen
7; ignorance
7; welcomed
7; owed
7; established
7; drink
7; motives
7; cared
7; concealed
7; uneasy
7; refusing
7; service
7; affairs
7; dwelling
7; habit
7; north
7; suit
7; daughter’s
7; hands
7; distribute
7; hopeless
7; disapprobation
7; guard
7; pleasures
7; completely
7; schemes
7; unexpected
7; domestic
7; kindly
7; raptures
7; patroness
7; broken
7; uneasiness
7; directions
7; deserved
7; companions
7; copies
7; parts
7; study
7; represented
7; endeavours
7; remarkable
7; inform
7; succeeded
7; worst
7; distributing
7; perceive
7; selfish
7; entreaty
7; instance
7; performed
7; takes
7; thanked
7; rejoice
7; effort
7; condescension
7; tall
7; paying
7; conjecture
7; merit
7; commission
7; description
7; rose
7; dependence
7; blushed
7; coffee
7; entertained
7; renewal
7; congratulate
7; eligible
7; improbable
7; source
7; mentioning
7; refusal
7; deep
7; unreasonable
7; impression
7; waited
7; addresses
7; seeking
7; parting
7; dreaded
7; order
7; assist
7; discourse
7; frightened
7; freely
7; pretend
7; approbation
7; proof
7; ventured
7; resolving
7; temptation
7; removal
7; entail
7; woods
7; orders
7; cheerful
7; telling
7; settle
7; flattered
7; supply
7; wanting
7; inn
7; reserved
7; allowing
7; clever
7; shocked
7; located
7; differently
7; contained
7; afford
7; satisfactory
7; charles
7; objects
7; quest
7; spot
7; tempted
7; desirous
7; expectations
7; cost
7; fancied
7; game
7; civilities
7; circle
7; appearing
7; trusted
7; st
7; cards
7; resemblance
7; reserve
7; created
7; expense
6; professions
6; advisable
6; inconvenience
6; language
6; justify
6; conceited
6; assembled
6; wisest
6; accompanied
6; lead
6; establishment
6; pursue
6; sick
6; employment
6; pursuit
6; sweet
6; county
6; original
6; lucky
6; closed
6; cheerfulness
6; defects
6; mortification
6; complying
6; disdain
6; mortifying
6; dining
6; militia
6; indulgence
6; gratifying
6; entertainment
6; fail
6; amused
6; sees
6; chair
6; grounds
6; entailed
6; fitted
6; raised
6; desired
6; presence
6; proceeding
6; actual
6; distribution
6; separate
6; displaying
6; alluded
6; declined
6; recovered
6; impertinent
6; families
6; gardiners
6; deference
6; gown
6; goodhumoured
6; intercourse
6; human
6; distinguished
6; respects
6; strength
6; louisa
6; admit
6; fault
6; shocking
6; resigned
6; command
6; larger
6; refused
6; james’s
6; prefer
6; renewed
6; blind
6; acted
6; travelling
6; aunt’s
6; preparing
6; delayed
6; river
6; utter
6; tour
6; warm
6; gate
6; explain
6; corps
6; urged
6; honourable
6; moment’s
6; instant
6; active
6; plainly
6; invite
6; delay
6; claim
6; weather
6; repeating
6; increase
6; stronger
6; claims
6; improved
6; method
6; perverseness
6; roused
6; lakes
6; christmas
6; departure
6; miserable
6; village
6; produce
6; bestow
6; useless
6; reminded
6; peace
6; continually
6; lay
6; individual
6; accident
6; error
6; william’s
6; windows
6; carriages
6; compliance
6; don’t
6; volunteers
6; delicate
6; cases
6; playing
6; weight
6; charm
6; abominable
6; agitation
6; performance
6; falsehood
6; reproach
6; gradually
6; ma’am
6; draw
6; names
6; occupied
6; downstairs
6; entreat
6; abhorrence
6; ceased
6; recover
6; qualities
6; profession
6; oblige
6; occasional
6; abilities
6; altered
6; recollect
6; modesty
6; displeasure
6; independence
6; engaging
6; obligation
6; paper
6; parlour
6; grew
6; approached
6; exercise
6; secret
6; liberty
6; stayed
6; forbearance
6; earliest
6; purposely
6; keeping
6; offers
6; encourage
6; stopped
6; purchase
6; acceptable
6; hurt
6; distressing
6; powers
6; speedily
6; dressed
6; voluntarily
6; aspect
6; matrimony
6; weak
6; suspense
6; carry
6; seat
6; softened
5; dead
5; happily
5; lodgings
5; crossed
5; held
5; pianoforte
5; gentle
5; insensibility
5; philosophy
5; guess
5; owe
5; 1e1
5; minutes’
5; accepting
5; solemnity
5; refreshment
5; designed
5; trees
5; 1f3
5; proceed
5; justified
5; start
5; novelty
5; conclude
5; judgment
5; correspondence
5; violently
5; presentation
5; 3
5; lawn
5; assert
5; fully
5; beneath
5; mere
5; england
5; sweetness
5; leading
5; breach
5; humility
5; respectability
5; goodnatured
5; rate
5; estimation
5; likelihood
5; quarrel
5; o’clock
5; engage
5; piece
5; impatiently
5; forgot
5; spending
5; limited
5; places
5; twelvemonth
5; papa
5; nearer
5; calm
5; curious
5; breeding
5; providing
5; steps
5; interrupt
5; halfhour
5; declaration
5; practice
5; arisen
5; bitterness
5; disadvantage
5; enquiring
5; treatment
5; dress
5; indulge
5; impropriety
5; ring
5; wwwgutenbergorg
5; shut
5; amuse
5; mercenary
5; mutual
5; borne
5; perform
5; apologise
5; remains
5; condescended
5; uttered
5; approve
5; sum
5; mend
5; letting
5; sides
5; risk
5; attributed
5; complaisance
5; inducement
5; mortified
5; visible
5; insolent
5; mile
5; advanced
5; fish
5; post
5; mode
5; uncivil
5; intentions
5; economy
5; guest
5; discretion
5; efforts
5; attend
5; imagined
5; entertain
5; proposed
5; phillips’s
5; dish
5; dressingroom
5; amazed
5; solemn
5; 4
5; visits
5; trifling
5; putting
5; conscience
5; suggested
5; additional
5; pressing
5; escaped
5; birth
5; exposing
5; welfare
5; confined
5; spring
5; recovering
5; attendance
5; censure
5; mixture
5; summoned
5; deficient
5; nice
5; november
5; vestibule
5; enumerating
5; reasons
5; ridicule
5; fellow
5; preserve
5; display
5; endeavouring
5; provoke
5; joining
5; wit
5; dwelt
5; occur
5; protected
5; driven
5; fearful
5; engrossed
5; reflect
5; fitzwilliam’s
5; checked
5; illnatured
5; progress
5; unfolded
5; rid
5; pretensions
5; nearest
5; pointing
5; obliging
5; inferior
5; venture
5; opposed
5; absurd
5; dignity
5; peculiar
5; eat
5; convenient
5; afforded
5; shop
5; expenses
5; tranquillity
5; discussion
5; emotion
5; morrow
5; teach
5; accomplishments
5; halfanhour
5; bed
5; confirmation
5; alacrity
5; materially
5; possess
5; expecting
5; benefit
5; sing
5; strike
5; repeat
5; requiring
5; ceremony
5; hasty
5; odd
5; visiting
5; uncommon
5; syllable
5; included
5; man’s
5; bought
5; arguments
5; events
5; measure
5; diffidence
5; replacement
5; talents
5; sought
5; shared
5; evidently
5; unaffected
5; actions
5; principally
5; song
5; treat
5; imaginary
5; unfortunate
5; finer
5; agitated
5; principle
5; pointed
5; one’s
5; vacant
5; argument
5; arose
5; disgraceful
5; alarming
5; melancholy
5; adding
5; arising
5; trifle
5; polite
5; ruin
5; result
5; collinses
5; steward
5; restraint
5; wise
5; relating
5; moving
5; adieu
5; disgust
5; horror
5; coloured
5; distant
5; lucas’s
5; withdrew
5; punishment
5; distinction
5; medium
5; lover
5; whist
5; weakness
4; attribute
4; receipt
4; day’s
4; diningparlour
4; absent
4; misunderstood
4; rejected
4; drive
4; preserved
4; rapidity
4; flirt
4; intelligent
4; viewing
4; divided
4; started
4; score
4; endured
4; nervous
4; reproof
4; resent
4; unguarded
4; contemplation
4; bingleys
4; converse
4; handsomest
4; carrying
4; dull
4; pale
4; previous
4; path
4; press
4; defective
4; acutely
4; attempting
4; affections
4; clapham
4; deceive
4; delivered
4; history
4; foundations
4; recollecting
4; format
4; online
4; secured
4; errors
4; quadrille
4; representation
4; attractions
4; die
4; copse
4; pains
4; extravagant
4; rejoicing
4; requirements
4; walks
4; unwillingly
4; unworthy
4; wisely
4; freedom
4; examined
4; require
4; husbands
4; website
4; unwelcome
4; hints
4; lovers
4; thursday
4; confused
4; newcastle
4; gentleness
4; deliberation
4; residence
4; selfimportance
4; instances
4; surely
4; status
4; captain
4; dissatisfied
4; touched
4; distributed
4; blessing
4; wood
4; soninlaw
4; sunk
4; appears
4; furnish
4; perceiving
4; abominably
4; confessed
4; compared
4; injustice
4; breakfastroom
4; affect
4; decide
4; displeased
4; trace
4; examining
4; incumbent
4; gratefully
4; apply
4; introducing
4; employments
4; coat
4; resist
4; driving
4; interval
4; supported
4; deeply
4; contented
4; lives
4; extreme
4; ridiculous
4; witnessed
4; posted
4; thanking
4; depart
4; prudence
4; attack
4; mission
4; attempted
4; reduced
4; evenings
4; decorum
4; reaching
4; tempt
4; stream
4; promising
4; copying
4; repaired
4; nerves
4; situated
4; supposition
4; illjudged
4; holder
4; salutation
4; excessive
4; court
4; formidable
4; disliked
4; calmness
4; awakened
4; calculated
4; dispatched
4; estates
4; recommendation
4; deserves
4; readiness
4; coolly
4; follies
4; dressing
4; catch
4; thinks
4; bourgh’s
4; dirty
4; unpardonable
4; sole
4; cruelty
4; cautious
4; 1e8
4; promote
4; cheeks
4; glancing
4; apartment
4; jealousy
4; humbled
4; killed
4; grow
4; obstinate
4; comforts
4; houses
4; illhumour
4; entreaties
4; flattering
4; stupid
4; energy
4; assuring
4; fees
4; imposed
4; blessed
4; worked
4; fancying
4; careful
4; luck
4; fatigued
4; size
4; 1
4; senses
4; philips
4; suspect
4; procured
4; contrivance
4; forming
4; benefited
4; disguise
4; carter
4; occasioned
4; feels
4; affability
4; reject
4; prospects
4; apologising
4; symptom
4; caprice
4; luckily
4; absolute
4; phrase
4; lieu
4; experienced
4; trade
4; sorrow
4; ended
4; charms
4; blush
4; hated
4; infinitely
4; gravity
4; valley
4; lessen
4; preceding
4; editions
4; protesting
4; assisted
4; confirmed
4; grandeur
4; buy
4; visited
4; stared
4; injured
4; creating
4; cruel
4; unnecessary
4; complacency
4; dread
4; liberal
4; june
4; têteàtête
4; gallery
4; amusing
4; acceptance
4; solely
4; unequal
4; mark
4; infamous
4; showing
4; extravagance
4; cordiality
4; proportion
4; beauties
4; pleasantly
4; affectionately
4; infamy
4; hoping
4; lift
4; studying
4; accent
4; encouraging
4; complaints
4; yield
4; honestly
4; insensible
4; anne
4; faults
4; phaeton
4; simpleton
4; valued
4; prudent
4; animation
4; sufficient
4; debt
4; depended
4; behalf
4; stupidity
4; won
4; damages
4; strangers
4; betrayed
4; displayed
4; entitled
4; fatigue
4; points
4; sincerity
4; younge
4; delightfully
4; headstrong
4; affront
4; exclaiming
4; scruple
4; sickly
4; sport
4; imagination
4; unconnected
4; solitary
4; perusal
4; execution
4; extensive
4; warn
4; misfortunes
4; enjoying
4; allusion
4; ——
4; professed
4; fishing
4; intelligible
4; accuse
4; tired
4; forcibly
4; scruples
4; woman’s
4; frankness
4; convince
4; withheld
4; inconvenient
4; cherished
4; conference
4; finish
4; designs
4; defy
4; 2
4; patronage
4; succeeding
4; higher
4; liveliness
4; conjectures
4; anticipated
4; imputed
4; minds
4; activity
4; conceit
4; tender
4; occurrences
4; hastened
4; rain
4; sad
4; decidedly
4; management
4; flow
4; harm
4; cross
4; forbid
4; complied
4; shrubbery
4; people’s
4; aye
4; fit
4; suspicions
4; complain
4; meat
4; demand
4; arts
3; urgent
3; extended
3; withdrawn
3; colouring
3; failed
3; lovely
3; royalties
3; housekeeping
3; inevitable
3; answering
3; intrusion
3; pleasantness
3; defiance
3; afternoon
3; payments
3; involved
3; handsomer
3; horrid
3; plans
3; lamentations
3; accounting
3; missed
3; submit
3; ceremonious
3; slightest
3; la
3; selected
3; disclaimer
3; repine
3; resented
3; vouch
3; violence
3; applying
3; respected
3; suitable
3; burst
3; amends
3; search
3; constantly
3; hospitality
3; caroline’s
3; provoked
3; vary
3; willingly
3; maid
3; master’s
3; paragraphs
3; sink
3; integrity
3; overheard
3; advised
3; denial
3; competition
3; offending
3; bent
3; hesitation
3; tumult
3; signify
3; contrived
3; bride
3; desperate
3; composedly
3; ways
3; successful
3; assertions
3; suited
3; abundantly
3; revived
3; olivebranch
3; 1e7
3; union
3; lot
3; steadily
3; discomposure
3; carefully
3; overspread
3; determination
3; whispering
3; survive
3; destined
3; attentively
3; hackney
3; recovery
3; scandalous
3; purchased
3; effects
3; jealous
3; removing
3; rapid
3; guilt
3; stopping
3; cardtables
3; raising
3; decease
3; remind
3; god
3; presents
3; improve
3; slowly
3; contrive
3; witness
3; petticoat
3; ordinary
3; lewis
3; partners
3; retired
3; email
3; regrets
3; quartered
3; ate
3; happier
3; miniatures
3; alliance
3; serenity
3; dismissed
3; promises
3; white
3; fret
3; route
3; devoted
3; remembrance
3; wonders
3; speaks
3; hurrying
3; provoking
3; acting
3; interview
3; postscript
3; acknowledgment
3; accomplishment
3; wine
3; changing
3; conceive
3; red
3; remark
3; accidentally
3; 6
3; err
3; characters
3; busily
3; middle
3; induce
3; despise
3; likeness
3; height
3; accompany
3; army
3; avowed
3; negative
3; hair
3; relative
3; sleep
3; render
3; substance
3; unconcern
3; exact
3; northern
3; save
3; boys
3; reliance
3; positive
3; gravely
3; growing
3; measures
3; impartial
3; widow
3; ungenerous
3; suitableness
3; unsettled
3; continuance
3; explaining
3; gaining
3; unhappily
3; lament
3; prosperity
3; permitted
3; punctual
3; respecting
3; copied
3; benevolence
3; presumption
3; disdained
3; list
3; donate
3; grievous
3; incredible
3; sermons
3; contentment
3; deeper
3; envy
3; liable
3; epsom
3; safely
3; inhabitants
3; politely
3; falling
3; genteel
3; silently
3; minutely
3; water
3; nonsensical
3; uniformly
3; grove
3; consistent
3; curtsey
3; adds
3; title
3; awe
3; objecting
3; wounded
3; guessed
3; attraction
3; bye
3; waiter
3; skill
3; dying
3; announced
3; beholding
3; cardtable
3; gloom
3; attach
3; wonderful
3; liability
3; attacks
3; 20
3; privileged
3; opposition
3; confession
3; goodwill
3; muslin
3; offend
3; diverted
3; ’tis
3; sensation
3; owns
3; threeandtwenty
3; merry
3; momentary
3; accidental
3; unreserved
3; regiment’s
3; selfdenial
3; heavy
3; tenderness
3; bowed
3; angel
3; boy
3; performing
3; legal
3; message
3; voluntary
3; building
3; shan’t
3; tendency
3; banished
3; officious
3; consult
3; spread
3; confident
3; glow
3; unconsciously
3; contrast
3; remove
3; fearing
3; avowal
3; insignificance
3; poultry
3; despaired
3; joke
3; stately
3; wife’s
3; saving
3; justly
3; annesley
3; belong
3; restoration
3; art
3; speeches
3; liveliest
3; incredulous
3; solicit
3; oftener
3; mischief
3; propose
3; grieve
3; effectually
3; amusements
3; placing
3; royalty
3; faces
3; travellers
3; contracted
3; bit
3; universally
3; capital
3; card
3; gravel
3; saved
3; observations
3; apparent
3; familiar
3; provision
3; intolerable
3; descent
3; peculiarly
3; horse
3; handed
3; privately
3; planned
3; wealth
3; notions
3; recital
3; habits
3; 23
3; existed
3; consoling
3; decent
3; comparatively
3; applicable
3; blaming
3; represent
3; slighted
3; belonged
3; 50
3; obeyed
3; vice
3; wide
3; comprehended
3; derive
3; excepting
3; assume
3; user
3; inviting
3; sisters’
3; derivative
3; faithful
3; refrain
3; built
3; oppose
3; disgusted
3; admirable
3; odious
3; warranties
3; adapted
3; agreeably
3; article
3; overlooked
3; noisy
3; varied
3; ascended
3; reputation
3; repetition
3; offenses
3; affectation
3; impulse
3; hills
3; pitied
3; group
3; overpowered
3; powerful
3; cruelly
3; bridge
3; ungracious
3; paused
3; pretending
3; firm
3; condition
3; sheet
3; drop
3; thoughtless
3; faulty
3; worthy
3; approved
3; procuring
3; illwill
3; lottery
3; addressing
3; intend
3; dignified
3; tickets
3; daily
3; pitiable
3; alternative
3; overcame
3; conversing
3; unfeeling
3; reserves
3; tidings
3; examination
3; unassuming
3; universal
3; disconcerted
3; instructions
3; struggles
3; pronounce
3; courses
3; defer
3; review
3; sinking
3; descended
3; shoot
3; keenest
3; settling
3; offering
3; adopt
3; returns
3; implied
3; preaching
3; singing
3; intervals
3; bidding
3; paddock
3; special
3; unluckily
3; succeed
3; georgiana’s
3; grown
3; 1e9
3; cool
3; bonnet
3; deigned
3; bell
3; manage
3; fetch
3; incivility
3; considerably
3; attorney
3; accounts
3; leads
3; plague
3; meditating
3; convenience
3; qualified
3; rector
3; caution
3; claimed
3; field
3; green
3; compose
3; learned
3; impudence
3; agreeing
3; brotherinlaw
3; bordering
3; tongue
3; abusing
3; irritation
3; lasted
3; pleasanter
3; discharged
3; summons
3; secretly
3; perseverance
3; solitude
3; overlook
3; separated
3; hour’s
3; total
3; uncles
3; hesitated
3; defend
3; generations
3; security
3; limitation
3; fingers
3; dropped
3; unwillingness
3; official
3; collected
3; reader
3; envelope
3; died
3; objectionable
3; openness
3; condemn
3; gentlemen’s
3; communicate
3; judged
3; banish
3; conscious
3; easiness
3; writer
3; portion
3; cordially
3; links
3; formality
3; exclamations
3; shaken
3; assertion
3; disappointing
3; patron
3; 60
3; stationed
3; continual
3; flight
3; walker
3; admirer
3; composed
3; accusations
3; bound
3; ride
3; undeserving
3; excite
3; complimented
3; perpetually
3; season
3; entity
3; equipment
3; wilfully
3; punish
3; moral
3; pen
3; mantelpiece
3; earlier
3; listener
3; needed
3; regimentals
3; misunderstand
3; contact
3; dejection
3; overthrown
3; sharing
3; rationally
3; sisterly
3; haughty
3; noise
3; replying
3; 5
3; austen
3; reflected
3; wellbred
3; punctually
3; owned
3; wandering
3; indirect
3; denied
3; authorised
3; reprehensible
3; detached
3; rewarded
3; despised
3; fallen
3; wilful
3; privilege
3; meanly
3; adorned
3; publicly
3; kingdom
3; bless
3; steadfastly
3; thoughtlessness
3; farewell
3; regular
3; dearly
3; discussed
3; intermission
3; invaluable
3; quickness
3; dependent
3; striking
3; disinterested
3; divide
3; diversion
3; regarded
3; cease
3; splendid
3; 30
3; gross
3; preferment
3; frivolous
3; sources
3; tables
3; flutter
3; willingness
3; awkwardness
3; hesitate
3; incredulity
3; unexpectedly
3; drawing
3; ramsgate
3; offence
3; pompous
3; detest
3; sensations
3; prodigiously
3; encounter
3; unjust
3; crowded
3; resolutely
3; deprived
3; nuptials
3; detained
3; needless
3; pursuing
3; obligations
3; existence
3; ponies
3; candour
3; rude
3; advance
3; betray
3; communicated
3; relates
3; questioned
3; civilly
3; cordial
3; insupportable
3; preferred
2; everybody’s
2; elapsed
2; infinite
2; ingenuity
2; discharge
2; subsisting
2; mansion
2; godson
2; comparative
2; authoritative
2; confidante
2; doorbell
2; you—and
2; born
2; wandered
2; cheerfully
2; conveyed
2; cast
2; wwwgutenbergorgdonate
2; renewing
2; reputed
2; independent
2; unjustly
2; amendment
2; kitty’s
2; rattle
2; conquest
2; resentfully
2; apologised
2; dirt
2; yielding
2; breast
2; prone
2; foreseen
2; blue
2; contribute
2; portraits
2; tide
2; relations’
2; vexatious
2; hearty
2; enabled
2; excel
2; falls
2; twentyseven
2; retirement
2; go—and
2; months’
2; 13
2; abusive
2; there’s
2; exert
2; release
2; worthless
2; humiliating
2; rapturous
2; varying
2; throwing
2; triumphant
2; ample
2; weary
2; speedy
2; pledged
2; planning
2; ascertain
2; critical
2; commended
2; exhibition
2; slyness
2; repaid
2; failing
2; guardianship
2; laughter
2; behave
2; perturbation
2; neighbouring
2; soliciting
2; prevail
2; accustomed
2; uncertain
2; remedy
2; 25
2; 31
2; exerted
2; sheltered
2; resentful
2; guilty
2; presuming
2; commanded
2; ensure
2; creditable
2; inattentive
2; indelicacy
2; exclusion
2; pieces
2; oppressed
2; dozen
2; resolve
2; soul
2; 10
2; termination
2; positively
2; begun
2; federal
2; wink
2; compatible
2; induced
2; redistribution
2; detain
2; warehouses
2; drily
2; sly
2; prey
2; pure
2; wondering
2; tenderly
2; housemaid
2; precious
2; solidity
2; duration
2; vanished
2; lifted
2; brilliancy
2; accents
2; surrounding
2; abused
2; indignant
2; eating
2; 19
2; repining
2; warmest
2; begging
2; discern
2; awed
2; march
2; motherinlaw
2; 37
2; puzzle
2; exciting
2; assisting
2; dutifully
2; joyful
2; unembarrassed
2; scattered
2; partly
2; rob
2; fool
2; transports
2; describing
2; ——’s
2; 16
2; thoughtfulness
2; discouraged
2; jones
2; suppressed
2; unhappiness
2; ardently
2; volume
2; advantageously
2; improper
2; 58
2; partake
2; acquiescence
2; playfulness
2; shaking
2; goodbye
2; well—and
2; 22
2; recall
2; resignation
2; conquer
2; connect
2; consisted
2; person’s
2; 1c
2; sparkled
2; instinctively
2; shock
2; extracts
2; carelessness
2; restrictions
2; requesting
2; upper
2; genius
2; intricate
2; wet
2; desiring
2; revealed
2; stiffness
2; 43
2; loudly
2; modern
2; loving
2; 9
2; detaining
2; liking
2; 61
2; fourth
2; dark
2; injurious
2; quarters
2; 49
2; discourage
2; negligence
2; quarreling
2; august
2; meditated
2; moderation
2; owes
2; incensed
2; fashions
2; captivating
2; shape
2; acquired
2; suspecting
2; arm
2; brain
2; evenness
2; numerous
2; spots
2; fruits
2; affording
2; endless
2; malicious
2; admires
2; flirting
2; paltry
2; ruined
2; stated
2; pursued
2; assented
2; accounted
2; abide
2; effusion
2; lasting
2; dreadfully
2; you—but
2; avoiding
2; practises
2; lagged
2; 55
2; 40
2; doings
2; fainter
2; perplexity
2; laughingly
2; 28
2; educated
2; confirming
2; tranquil
2; circulation
2; inheriting
2; fretfulness
2; handsomely
2; guide
2; rejecting
2; 34
2; descending
2; explanations
2; weighed
2; illusage
2; bottle
2; recalled
2; prevailing
2; daring
2; springing
2; holding
2; genuine
2; societies
2; costs
2; departed
2; feature
2; retaining
2; revenge
2; polished
2; founded
2; vent
2; reproofs
2; yielded
2; adventure
2; computers
2; unnatural
2; legally
2; yes—that
2; flew
2; laying
2; turns
2; coarseness
2; additions
2; discredit
2; correct
2; fight
2; mountains
2; remembering
2; talent
2; staid
2; saloon
2; 52
2; headache
2; humanity
2; doubtless
2; familiarly
2; existing
2; presented
2; leaves
2; temptations
2; singled
2; reel
2; intimately
2; class
2; guidance
2; accosted
2; stone
2; involuntarily
2; birds
2; cares
2; fastidious
2; gowns
2; 46
2; brightest
2; shake
2; consulted
2; disgracing
2; harriet
2; wonderfully
2; opportunities
2; bearing
2; gretna
2; double
2; liberally
2; sensibly
2; beheld
2; possessor
2; rage
2; articles
2; veracity
2; sketch
2; john
2; admiring
2; suffering
2; widest
2; vanilla
2; loose
2; exposed
2; deferred
2; loves
2; hypocritical
2; retained
2; fare
2; generality
2; banks
2; bordered
2; employ
2; lesson
2; inconsistency
2; servant’s
2; printed
2; ingenious
2; coldly
2; celebrated
2; involving
2; station
2; cautioning
2; grosvenor
2; whims
2; glimpse
2; pitiful
2; solicitation
2; watch
2; miraculous
2; storm
2; january
2; selfgratulation
2; feverish
2; regulars
2; ramble
2; distinguishing
2; indolence
2; denoted
2; cleared
2; judging
2; unaffectedly
2; creditors
2; mirth
2; soup
2; consciousness
2; defined
2; refreshing
2; seized
2; setting
2; covered
2; mount
2; promoting
2; disappoint
2; etiquette
2; dilatory
2; conjugal
2; 29
2; expeditiously
2; discomposed
2; undergone
2; watchfulness
2; signal
2; boasted
2; striving
2; acquit
2; protect
2; morning’s
2; instruction
2; conjecturing
2; favourites
2; pocket
2; impose
2; pausing
2; continuing
2; christian
2; no—i
2; licence
2; disposal
2; smart
2; space
2; kissed
2; obtaining
2; alternate
2; wound
2; grief
2; ugly
2; 14
2; undo
2; essential
2; anguish
2; crossing
2; intrude
2; reference
2; completed
2; precipitate
2; breath
2; preservative
2; registered
2; bold
2; grand
2; suspended
2; cover
2; loo
2; rise
2; appeal
2; elevated
2; slave
2; 32
2; slow
2; barnet
2; informing
2; inspired
2; careless
2; caring
2; awful
2; envied
2; unprotected
2; unjustifiable
2; ballroom
2; sign
2; longing
2; plead
2; commencement
2; scotch
2; decency
2; 11
2; wishedfor
2; directing
2; immovable
2; bows
2; discontented
2; relieve
2; niece’s
2; reluctant
2; cough
2; pair
2; void
2; stretch
2; originally
2; curricle
2; 26
2; females
2; attracted
2; covering
2; quieted
2; incessantly
2; preparations
2; neatness
2; confiding
2; body
2; gaieties
2; duplicity
2; allowance
2; gain
2; greatness
2; painfully
2; brothers
2; jones’s
2; expressive
2; wickedness
2; ask—
2; consoled
2; evening’s
2; 47
2; resistance
2; experience
2; disinclination
2; concept
2; accused
2; consequential
2; tenants
2; examine
2; hauteur
2; staircase
2; affinity
2; disclaim
2; pratt
2; unconcerned
2; pressed
2; older
2; 38
2; gratify
2; transactions
2; finest
2; heaven’s
2; consented
2; embracing
2; break
2; cheapside
2; inattention
2; flying
2; compassionate
2; threadbare
2; comprised
2; parasol
2; arrested
2; uniform
2; restrain
2; redistributing
2; occurring
2; exceeded
2; accompanying
2; maintaining
2; counteracted
2; deceiving
2; satin
2; trial
2; conditionally
2; destroy
2; censured
2; entreated
2; audience
2; kinder
2; prejudices
2; pleases
2; 44
2; deliberately
2; checking
2; bitterly
2; tease
2; 17
2; manor
2; meetings
2; familiarity
2; peevish
2; me—i
2; settlement
2; misconduct
2; 59
2; edged
2; presume
2; ankles
2; comparing
2; modest
2; michaelmas
2; surmise
2; west
2; physical
2; whatsoever
2; infancy
2; passion
2; stating
2; deepest
2; sharpened
2; variation
2; sharp
2; neglecting
2; disturbed
2; precipitance
2; improves
2; sakes
2; concisely
2; abominate
2; adieus
2; pecuniary
2; it—or
2; unforgiving
2; 7
2; arranged
2; 56
2; repressed
2; sweetest
2; sigh
2; model
2; derision
2; prosperous
2; discuss
2; shameful
2; crying
2; firmest
2; cheering
2; circumspection
2; passages
2; archly
2; bears
2; reconciliation
2; missent
2; favours
2; marrying—and
2; serve
2; screen
2; originated
2; conducted
2; rallied
2; landlord
2; acute
2; forms
2; memories
2; praised
2; mildness
2; abruptly
2; draughts
2; destroyed
2; mortal
2; arrive
2; congratulated
2; inferiority
2; perfections
2; 35
2; knighthood
2; 41
2; struggled
2; electronically
2; recommending
2; robinson
2; matlock
2; gaily
2; flirtation
2; persisted
2; praises
2; despising
2; personal
2; fortunately
2; depressed
2; bitter
2; inflict
2; shy
2; boundary
2; embraced
2; strenuously
2; unaccountable
2; dated
2; befall
2; unavailing
2; hates
2; selfconsequence
2; protection
2; subsisted
2; allusions
2; persist
2; filial
2; overhear
2; indignity
2; inconsistencies
2; rudeness
2; anticipating
2; reproached
2; yes—if
2; brink
2; 53
2; masters
2; awake
2; anxiously
2; injure
2; years’
2; viewed
2; exercising
2; horseback
2; characteristic
2; rapture
2; pretended
2; deceitful
2; fretfully
2; answerable
2; aloof
2; meets
2; regretting
2; irritable
2; pauses
2; brotherly
2; camp
2; indulged
2; dialogue
2; invariably
2; maternal
2; exceed
2; symptoms
2; shade
2; affirmative
2; sensibility
2; testimony
2; vast
2; mixed
2; collecting
2; contributions
2; grievances
2; duties
2; 24
2; references
2; hitherto
2; lizzy’s
2; worn
2; liberality
2; deserts
2; anybody’s
2; correspondent
2; reuse
2; rightly
2; wretchedness
2; warranty
2; dinners
2; spoilt
2; forgetting
2; broke
2; suppress
2; disadvantages
2; sending
2; anecdote
2; decline
2; easter
2; determining
2; 18
2; pales
2; wore
2; excuses
2; effusions
2; distracted
2; all—and
2; eloquent
2; woody
2; pleasantry
2; maria’s
2; abuse
2; absurdities
2; nephews
2; distrust
2; 21
2; borrow
2; loud
2; dinnertime
2; pack
2; narrowly
2; doubting
2; teased
2; unfelt
2; haggerston
2; maintained
2; expressively
2; nicholls
2; requested
2; can’t
2; sisterinlaw
2; fixing
2; custom
2; hot
2; breaking
2; deserving
2; calculate
2; vague
2; 36
2; amply
2; livery
2; convey
2; sadly
2; worldly
2; permanent
2; vindication
2; scenes
2; 42
2; arranging
2; delights
2; rejection
2; yawn
2; winking
2; governed
2; animated
2; 15
2; edge
2; happening
2; reconciled
2; apprehensions
2; alike
2; alive
2; abruptness
2; unfit
2; condemned
2; reports
2; gouldings
2; representing
2; fonder
2; vulgar
2; convert
2; officers’
2; observer
2; explicit
2; include
2; 8
2; mornings
2; ornaments
2; exempt
2; assemblies
2; marks
2; phillipses
2; chambermaid
2; courtesy
2; imaginable
2; humiliation
2; collect
2; prior
2; fellowcreatures
2; backgammon
2; courtship
2; toilette
2; intruding
2; fellows
2; rapidly
2; honours
2; closest
2; conjectured
2; innocent
2; studies
2; supplied
2; fiveandtwenty
2; shyness
2; substantial
2; deficiency
2; domain
2; affronted
2; preservation
2; yes—the
2; excused
2; unite
2; testified
2; favourably
2; intentionally
2; malice
2; forwarded
2; 12
2; fronted
2; acquaint
2; traced
2; unwell
2; 54
2; obstinacy
2; stroke
2; 27
2; apologies
2; exclamation
2; fell
2; sufferings
2; involve
2; alas
2; excellence
2; 33
2; seats
2; interrupting
2; hide
2; contradict
2; forgiveness
2; spiritless
2; scarlet
2; idleness
2; smilingly
2; condole
2; derived
2; detection
2; comfortably
2; damage
2; rule
2; restored
2; prominently
2; 48
2; discernment
2; charmingly
2; incomprehensible
2; neglected
2; occupy
2; city
2; nephew’s
2; misrepresented
2; similarity
2; ecstasy
2; appetite
2; concurrence
2; ascii
2; sphere
2; poetry
2; tear
2; passage
2; based
2; stout
2; manager
2; excess
2; dispute
2; consulting
2; intently
2; discharging
2; quality
2; 51
2; sanguine
2; purport
2; meditate
2; noon
2; blinded
2; unsuitable
2; finery
2; unfavourable
2; penetration
2; stands
2; trusting
2; fortnight’s
2; wounding
2; hereabouts
2; doubts
2; earnestness
2; edition
2; gathered
2; ere
2; mouths
2; players
2; school
2; depending
2; offense
2; vivacity
2; exasperate
2; behaves
2; 1e
2; guided
2; inspection
2; essentials
2; offensive
2; dropt
2; doubtful
2; merited
2; obtruded
2; triumphantly
2; gloomy
2; irksome
2; 39
2; updated
2; 45
2; rode
2; punctuality
2; apartments
2; ensued
2; apothecary
2; hastening
2; tiresome
2; annum
2; price
2; trespass
2; gates
2; singular
2; canvassed
2; acknowledgments
2; scrupled
2; estimable
2; parcels
2; obstacles
2; playful
2; proprietor
2; scolding
2; parade
2; insincere
2; range
2; dwell
2; atone
2; violation
2; 57
2; disengaged
2; studied
2; defence
2; farm
2; 90
2; footing
2; advantageous
2; concealment
2; courted
2; lodges
2; distinguish
2; fate
2; beloved
2; disrespect
2; startled
2; panegyric
2; possessed
2; presently
2; gaiety
2; breathless
2; gay
2; prepossession
2; moderate
2; loveliness
2; expedient
2; development
2; intellectual
2; decisive
2; detected
2; indisposed
2; selfreproach
1; enhance
1; popular
1; silenced
1; extractions
1; problem
1; ungraciousness
1; gift
1; yielding—certainly
1; vanish
1; dissipation
1; discernible
1; loser
1; agreeable—allowing
1; arrogant
1; aunts
1; forgave
1; ‘lately
1; resounding
1; recommendations
1; scenes—does
1; surpassing
1; forwards
1; resigning
1; discontinuance
1; proprietary
1; rated
1; consequent
1; atonement—for
1; possesses
1; completion
1; pliancy
1; ‘this
1; abound
1; diffident
1; him—as
1; asserting
1; recognizing
1; challenge
1; undecided
1; consistency
1; comforted
1; archness
1; influenced
1; had—not
1; english
1; women’s
1; manner—nay
1; spasms
1; done—done
1; unprincipled
1; caused
1; flowing
1; scorn
1; seconded
1; peculiarities
1; print
1; hermitage
1; girl—oh
1; freely—a
1; equals
1; rescue
1; black
1; dangerous
1; exaggerate
1; jenkinson’s
1; test
1; expence
1; organized
1; transition
1; troop
1; stared—many
1; seize
1; locations
1; disinterestedness
1; faintly
1; stress
1; settled—he
1; upbraided
1; elevating
1; accuracy
1; arrangements
1; acquainting
1; feelingly
1; endeared
1; educational
1; prettier
1; surprised—so
1; swell
1; desperation
1; enjoyments
1; belongs
1; staggered
1; social
1; animal
1; forego
1; shades
1; illiberal
1; said—
1; plays
1; yards
1; array
1; surrounded
1; compilation
1; reported
1; cautiousness
1; waitingwoman
1; annexed
1; thirteen
1; coughing
1; south
1; inoffensive
1; correspondents
1; dishes
1; hired
1; insisted
1; financial
1; hushed
1; renamed
1; unallied
1; observances
1; precision
1; fearless
1; accomplished—she
1; risen
1; herself—sense
1; justifying
1; qualifications
1; professing
1; mild
1; 1f6
1; trembled
1; histories
1; discovering
1; vicious
1; indefinite
1; generation
1; tents
1; merchantability
1; uneasy—a
1; injunction—and
1; unstudied
1; sneering
1; throat
1; prognostics
1; brown
1; splendour
1; restless
1; befriended
1; assents
1; prompted
1; version
1; paling
1; develop
1; amiss
1; snug
1; blown
1; embargo
1; decamping
1; conditions
1; agony
1; bosoms
1; manner’
1; spacious
1; stage
1; stepping
1; dresses
1; mincepies
1; clearer
1; destitute
1; dissolved
1; slowly—and
1; selfattracted
1; brother—very
1; ancient—though
1; wavering
1; stood—the
1; discontentedness
1; personage
1; provocations
1; deprive
1; unpleasing
1; darling
1; donors
1; books—oh
1; aye—that
1; papers
1; build
1; scale
1; rashness
1; nobler
1; fuss
1; cucumber
1; coherent
1; processing
1; instituted
1; blamed
1; expedite
1; masterly
1; sentences
1; amaze
1; lucases’
1; pretence
1; selecting
1; bandbox
1; assiduously
1; lieutenant’s
1; drinking
1; gathering
1; exists
1; immoral
1; devoting
1; suggestion
1; formats
1; magnitude
1; linked
1; eliza—to
1; intervene
1; choice—a
1; jestingly
1; lowness
1; darting
1; artificial
1; overrated
1; needlessly
1; folded
1; soothe
1; haunch
1; grieved—shocked
1; availed
1; gentlewoman
1; selfcomplacency
1; clouded
1; dale
1; fitness
1; lizzy—
1; se’ennight
1; untidy
1; what—something
1; suffers
1; superexcellent
1; premeditated
1; unavoidable
1; advancement
1; impudent
1; afflicting
1; weep
1; rites
1; 801
1; identification
1; spleen
1; port
1; retrospective
1; reporting
1; local
1; superseded
1; occasion’s
1; involves
1; reverse
1; sideboard
1; surest
1; tranquilly
1; roasted
1; acquaintance—an
1; beginning—from
1; eloquence
1; waste
1; me—though
1; invectives
1; joyfully
1; nowadays
1; rectory
1; trunk
1; imprudence—in
1; captivate
1; warned
1; this—though
1; steadiness
1; operated
1; questions—and
1; 26th
1; fool’s
1; contrariety
1; misleading
1; science
1; astonish—and
1; echo
1; himself—from
1; canvas
1; faint
1; hearers
1; bring—good
1; wwwgutenbergorglicense
1; irreproachable
1; disposing
1; bright
1; ashworth
1; coats
1; packing
1; inexhaustible
1; earl
1; fervent
1; surpass
1; illconsequences
1; adequate
1; scampering
1; premises
1; insignificant
1; illfounded
1; allowances
1; lamenting
1; hertfordshire—paid
1; ingratitude
1; extenuating
1; allurements
1; brevity
1; affable
1; yawning
1; construing
1; regulating
1; lived—and
1; mother—how
1; bills
1; feathers
1; sedate
1; housekeeper’s
1; ragout
1; calico
1; starve
1; punitive
1; shopboy
1; cake
1; charged
1; capacity
1; languor
1; stumbling
1; considerations
1; criticisms
1; myself—for
1; 1f
1; welleducated
1; exception
1; 1342
1; paining
1; heartfelt
1; proportionate
1; messages
1; rely
1; untinctured
1; tormenting
1; countrytown
1; propensities—the
1; precisely
1; notes
1; everybody—would
1; contemptuously
1; absurdity
1; wit’
1; catching
1; writes
1; assiduous
1; leaning
1; cogent
1; resume
1; fault—because
1; unchanged
1; me—such
1; protest
1; esq
1; inconveniences—cheerfulness
1; uncertainty
1; narrow
1; attendant
1; monthly
1; omen
1; begs
1; halfexpectation
1; illtempered
1; aimed
1; practised
1; 18th
1; foxhounds
1; home—to
1; then—some
1; asis
1; trembling
1; charges
1; hardheartedness
1; stuffy
1; peaches
1; pollution
1; breakfasted
1; halfopened
1; watchful
1; bare
1; current
1; subjection
1; severest
1; damp
1; saw—and
1; stranger’s
1; eloping
1; shorter
1; advising
1; terrific
1; airs
1; victim
1; performer
1; goals
1; truest
1; drooping
1; inspiring
1; pursuits
1; greater—what
1; hypocrisy
1; brightened
1; sighed
1; quieter
1; you—be
1; learnt—for
1; condescends
1; promotion
1; perpetual
1; uproar
1; morris
1; plentiful
1; oppressively
1; uniting
1; brittle
1; domestics
1; starting
1; arrived—that
1; equivocal
1; illjudging
1; philosopher
1; god’s
1; survivor
1; cessation
1; entail—we
1; reap
1; anonymous
1; interpreted
1; tricks
1; assumed
1; farmhouse
1; with—it
1; halfyear
1; healthful
1; impelled
1; scrutiny
1; eclipsed
1; counterbalance
1; multitude
1; straws
1; emotions
1; concise—and
1; iniquitous
1; plantation
1; gratitude—for
1; web
1; undeceive
1; vingtun
1; watson’s
1; commissioning
1; sameness
1; twelvemonth—she
1; intrigues
1; proportions
1; obey
1; 1e4
1; jane—which
1; chatsworth
1; blacken
1; parading
1; murmurs
1; speed
1; gutenbergtms
1; guardian
1; supplying
1; surmises
1; employing
1; chestnuts
1; allow—and
1; encumbrance
1; importune
1; irretrievable
1; dazzling
1; onethe
1; persuasions
1; musical
1; trimming
1; fidgets
1; demands
1; kingdom—provided
1; courting
1; reconciling
1; converting
1; desert
1; horsewoman
1; arminarm
1; habitual
1; answers
1; net
1; accusing
1; distractedly
1; stoke
1; her—was
1; profligate
1; timed
1; authorise
1; complaisant
1; breathing
1; begins—but
1; mess
1; illness—if
1; professor
1; managed
1; postponed
1; energy—
1; acceded
1; blamelessness
1; estimated
1; detect
1; selfcommand
1; news—and
1; cunning
1; recurring
1; friend—always
1; faculties
1; inhumanity
1; forgiven
1; refute
1; gallant
1; confinement
1; impulses
1; kitchen
1; executed
1; abiding
1; no—it
1; creation
1; ensuing
1; inured
1; inconceivable
1; come—mr
1; culprit
1; depreciate
1; slacken
1; soothed
1; sports
1; unison
1; forbearing
1; roads
1; consists
1; house—but
1; expects
1; satirical
1; verily
1; proofread
1; valueless
1; hart
1; implacable
1; jumbled
1; told—the
1; cherish
1; mystery
1; custody
1; fireplace
1; avarice
1; counting
1; heighten
1; profession—i
1; hatred
1; diligence
1; fidgety
1; yourself—and
1; welcoming
1; detailed
1; performs
1; undeserved
1; fruit—of
1; hundreds
1; revealing
1; pyramids
1; stupider
1; milliner’s
1; couples
1; avenue
1; travelled
1; impurities
1; glass
1; congenial
1; serviceable
1; industriously
1; virus
1; eyeing
1; smoothly
1; personages
1; lastly
1; witty
1; tradesman’s
1; grouped
1; cardtable—but
1; parent’s
1; safety
1; commonest
1; adoration
1; impressive
1; waived
1; satisfactions
1; conveying
1; proudest
1; hertfordshire—and
1; respectablelooking
1; newlyborn
1; household
1; dictates
1; widger
1; appertain
1; enormity
1; outlived
1; complained
1; asserted
1; handkerchief
1; antagonist
1; tonight
1; diffused
1; jokes
1; ham
1; piqued
1; bustle
1; repugnance
1; westerham
1; charity
1; italian
1; remarked
1; inmate
1; commissioned
1; lingering
1; yes—i
1; unreserve
1; tallest
1; frighted
1; essence
1; moments’
1; waking
1; ascertaining
1; indeed—but
1; safest
1; godfather
1; inconveniences
1; proportioned
1; gaming
1; suspects
1; undoubted
1; fordyce’s
1; rambled
1; hardened
1; purchases
1; matrimonial
1; despair
1; illiterate
1; vices
1; gradual
1; master—and
1; postilions
1; strangeness
1; preside
1; rivals
1; author
1; portrait
1; emptiness
1; minutest
1; stem
1; depravity
1; irremediable
1; gardener’s
1; explanatory
1; setdowns
1; network
1; seabathing
1; indolent
1; ways—seen
1; drawings
1; painter
1; frisks
1; gracefully
1; incomplete
1; willfully
1; interpose
1; disobliging
1; cheat
1; treasured
1; decorums
1; allayed
1; policy
1; beneficence
1; exceeding
1; congratulation
1; distraction
1; wearied
1; shift
1; blinds
1; disclose
1; bid
1; unasked
1; dispelling
1; bowl
1; shine
1; ‘ah
1; northwards
1; revenging
1; eastbourne
1; conditional
1; displease
1; 15th
1; imposing
1; palliation
1; nonprofit
1; meanest
1; otherwise—if
1; stables
1; punch
1; forfeit
1; remedies
1; lurking
1; inexpressibly
1; attendants
1; shoeroses
1; sash
1; lydia—the
1; apace
1; gayer
1; replete
1; clearsighted
1; officers—yours
1; musicbooks
1; diminution
1; pride—his
1; darcy—that
1; graciousness
1; authorising
1; seizing
1; obvious
1; overpowering
1; liberties
1; bingley—is
1; tastes
1; wave
1; bounty
1; composition
1; newcomers
1; comparisons
1; nasty
1; separately
1; withdrawing
1; indulging
1; doubtingly
1; unalterable
1; impressed
1; repulsive
1; him—laugh
1; dissemble
1; constrained
1; venison
1; shifting
1; mediocrity
1; desponding
1; dupe
1; selfconquest
1; impetuous
1; volatility
1; fellowtravellers
1; solace
1; relied
1; foretold
1; indeed—that
1; bakewell
1; revival
1; requester
1; dishonest—for
1; projected
1; discourses
1; imputing
1; halffinished
1; it—till
1; deception
1; enumeration
1; stays
1; complaint
1; vex
1; transport
1; regulate
1; puffed
1; condescendingly
1; villainous
1; satisfying
1; sentinel
1; lying
1; advertised
1; brooking
1; weakened
1; submitted
1; sprained
1; nothings
1; recreation
1; bribe
1; acquiesce
1; ardent
1; scores
1; monotonous
1; vulgarity
1; adept
1; deduced
1; pouring
1; profusion
1; fetched
1; representations
1; groundwork
1; concluding
1; suspend
1; forster’s
1; pull
1; publish
1; augmented
1; obsequiousness
1; moralize
1; market
1; retailing
1; teeth
1; presided
1; survey
1; answer—but
1; porridge’—and
1; grossest
1; sly—he
1; suiting
1; process
1; tent
1; grasp
1; yes—there
1; romantic
1; winding
1; felicity—to
1; mistaken—or
1; investigation
1; her—for
1; quantity
1; doorway
1; threatened
1; what’shisname
1; duets
1; principles
1; consenting
1; ornament
1; howsoever
1; afresh
1; bewailed
1; hurst’s
1; infatuation
1; veneration
1; illustrated
1; himself—her
1; studious
1; slit
1; impolitic
1; meditation
1; asleep
1; sittingroom
1; venturing
1; indulgent
1; bennet’—my
1; searching
1; predict
1; bewildered
1; obeisance
1; scrape
1; equivalent
1; formation
1; sloping
1; enable
1; ostentation
1; alterations
1; if—but
1; unvarying
1; unrestrained
1; mud
1; beauteous
1; miseries
1; overset
1; altar
1; content
1; topic
1; proficient
1; manners—so
1; bathingplace
1; swallowed
1; nose
1; reluctance
1; realities
1; reasonableness
1; graces
1; servility
1; weakspirited
1; levelled
1; bedrooms
1; dictated
1; unshaken
1; bequest
1; amiable—but
1; inherited
1; burnt
1; guinea
1; coarse
1; rapturously
1; month’s
1; intelligence—elizabeth
1; bromley
1; powdering
1; ‘violently
1; phillip’s
1; reminding
1; types
1; simpered
1; crowned
1; could—could
1; knees
1; communicativeness
1; darcy—but
1; inmates
1; bourgh—the
1; faithfully
1; journeys—and
1; accusation
1; laity
1; hedge
1; letterpaper
1; indicating
1; dissuade
1; disliking
1; exerting
1; recede
1; doubled
1; coming—at
1; payment
1; sequel
1; shrug
1; mankind
1; graceful
1; substitute
1; train
1; corrupt
1; louder
1; uselessly
1; glove
1; revolt
1; lessened
1; sections
1; disarm
1; annual
1; yes—it
1; sell
1; reconcile
1; 84116
1; scorned
1; overpower
1; stirs
1; parsonagehouse
1; deter
1; appearances
1; interfere
1; barouchebox
1; shortness
1; catherine’
1; alienated
1; limits
1; injuries
1; affords
1; other’s
1; paint
1; indecision
1; austerity
1; disclosed
1; wickham’
1; friday
1; other—about
1; indecorum
1; character—it
1; runs
1; ensigncy
1; exhibit
1; pool
1; disk
1; hat—a
1; looked—she
1; colder
1; hotpressed
1; is—her
1; clarke’s
1; corruption
1; influencing
1; bashful
1; middleaged
1; disclaimed
1; manner—
1; appointed
1; physicians
1; triumphing
1; impunity
1; dawdled
1; 1e5
1; disturb
1; 1f1
1; swamp
1; spur
1; other—of
1; constancy
1; giddiness
1; perverse
1; dose
1; spokesman
1; nothingness
1; enabling
1; machinereadable
1; unblemished
1; insinuating
1; springs
1; hesitating
1; insulted
1; outstripped
1; exhausted
1; connivance
1; screens
1; negligent
1; menservants
1; point—that
1; unimportant
1; leisurely
1; subscribe
1; discompose
1; declaring
1; adhering
1; final
1; conversations
1; worthlessness
1; definition
1; bookroom
1; uppermost
1; repel
1; rank—such
1; billiardtable
1; unsuspicious
1; quarrelsome
1; upstart
1; statements
1; dismay
1; stir
1; lighted
1; miserably
1; nourishes
1; binary
1; temporary
1; ordained
1; theatres
1; waterplant
1; fullest
1; anew
1; needlework
1; ‘my
1; ducks
1; enlarging
1; me—it
1; did—and
1; selfishness
1; rushed
1; witnessing
1; attachments
1; upbraiding
1; manifold
1; ultimately
1; her—that
1; happy—i
1; unpretending
1; invitations
1; enough—one
1; welldoing
1; glowing
1; guardians
1; kindred
1; then—but
1; inclinations
1; fluently
1; september
1; hearth
1; 501c3
1; griefs
1; favourite—and
1; laconic
1; licentiousness
1; spurned
1; commonly
1; fighting
1; distributor
1; dictate
1; success—no
1; pleaded
1; successively
1; robinson’s
1; land’
1; refuge
1; endure
1; communicative
1; up—though
1; prevents
1; unnaturally
1; sends
1; streets
1; fulfil
1; precluding
1; borrowed
1; certain—but
1; termed
1; dishonourable
1; excellency
1; imitations
1; much—not
1; pope
1; devoid
1; mindful
1; nightcap
1; fastened
1; wear
1; basis
1; shoulders
1; circles
1; proving
1; penance
1; breakfastparlour
1; pedantic
1; wander
1; deservedly
1; vouchsafed
1; ‘you
1; cents
1; ordination
1; conceals
1; mortifies
1; petulance
1; differ
1; grantley’s
1; covies
1; stoutly
1; cottagers
1; texts
1; lightness
1; tradesman
1; heavier
1; out—
1; prefaced
1; undertaken
1; pulvis
1; liberalminded
1; thirdly—which
1; fame
1; filled
1; beaux
1; plenty
1; proudly
1; reckon
1; reverie
1; mention—she
1; pools
1; superiority
1; curtains
1; backed
1; anticipation
1; mature
1; officiousness
1; purse
1; actuated
1; proficiency
1; tempered
1; stroll
1; selfdestined
1; extinguished
1; abundant
1; unnecessarily
1; prompt
1; yawned
1; pleasantest
1; gone—we
1; profits
1; puddles
1; boasting
1; statement—but
1; mary’s
1; seduction
1; rekindled
1; circumstances—and
1; alleviated
1; annoyed
1; her—who
1; whispered
1; emptyheaded
1; trait
1; warrant
1; conquered
1; done—i
1; legacy
1; plate
1; inns
1; landing
1; admitting
1; dishonesty
1; forsters
1; earl’s
1; individually
1; forgets
1; ‘i
1; clock
1; tells
1; hotel
1; revenue
1; alighted
1; pointedly
1; retort
1; scope
1; impassable
1; lofty
1; sept
1; chamber
1; unbecoming
1; foul
1; laudable
1; closet
1; committed
1; singling
1; outdone
1; webbs
1; stockings
1; revolution
1; rejoined
1; intimates
1; gloried
1; imperfectly
1; violates
1; depends
1; separating
1; atonement
1; talker
1; unreasonably
1; life—
1; saucy
1; campful
1; question—‘oh
1; racked
1; 1a
1; rail
1; healthfulness
1; lowest
1; circuit
1; broadfaced
1; mischievously
1; 1e2
1; world—every
1; international
1; anne’s
1; injury
1; eminent
1; sonnet
1; branch
1; lock
1; symmetry
1; mixing
1; graciously
1; exquisite
1; ward
1; fields
1; halfpast
1; exhibiting
1; peak
1; spanish
1; sweetesttempered
1; you—mr
1; insulting
1; ceaseless
1; kenilworth
1; volubility
1; fashionable
1; guests
1; firmly
1; pang
1; possibilities
1; burying
1; hang
1; retains
1; harmless
1; kindest
1; inaccurate
1; effectual
1; rules
1; grievously
1; it—unless
1; victory
1; polluted
1; sermon
1; unusual
1; steadfast
1; govern
1; superciliousness
1; earthly
1; maintain
1; 2021
1; kiss
1; resisted
1; larder
1; destructive
1; unanswerable
1; undervalued
1; noblest
1; sounds
1; unacquainted
1; disgraced
1; prejudiced
1; tacit
1; bounds
1; milliner
1; beauty—i
1; glories
1; probity
1; disgrace—when
1; imitated
1; repine—but
1; vexations
1; accessed
1; harringtons
1; comprise
1; curiosities
1; pour
1; unexpected—for
1; contradicted
1; prudently
1; carved
1; profligacy
1; presumed
1; vigour
1; ostentatious
1; performers
1; style—for
1; bracelets
1; untouched
1; heinous
1; it—of
1; aroused
1; simply
1; overthrow
1; question—are
1; clerk
1; informs
1; rest—there
1; prodigious
1; constitute
1; advances
1; vacancy
1; disrespectful
1; unkindness
1; dove
1; heiress
1; boundless
1; stole
1; figures
1; posterity
1; character—oh
1; stubbornness
1; restrained
1; licensed
1; overruled
1; mistakes
1; disregarded
1; 1f4
1; ached
1; sacrificed
1; encoding
1; downloading
1; intermarriage
1; prized
1; halldoor
1; choosing
1; heedless
1; synonymously
1; fourandtwenty
1; sleeping
1; mischance
1; jumped
1; severity
1; fervently
1; wives
1; shew
1; device
1; goodlooking
1; unshackled
1; term
1; variance—‘there
1; proxy
1; no—this
1; manservant
1; salad
1; rein
1; retain
1; secluded
1; me—and
1; strikingly
1; selfsufficiency
1; main
1; declares
1; question—of
1; envying
1; conciliatory
1; service—and
1; him—just
1; maiden
1; revolving
1; herself—that
1; resolute
1; enraged
1; glory
1; files
1; mississippi
1; implacability
1; expences
1; equalled
1; comprehension
1; piquet
1; earth—of
1; inconsiderable
1; minuteness
1; ‘yes’
1; partridges
1; pocketbook
1; deeplyrooted
1; rang
1; then—supposing
1; dovedale
1; treasure’
1; assent
1; coughs
1; keener
1; there—yours
1; manners—my
1; acquire
1; feather
1; courteous
1; illtreatment
1; indispensably
1; disputes
1; cook
1; interruptions
1; it—but
1; identify
1; neat
1; with—‘keep
1; jane—one
1; monosyllable
1; duel
1; dimensions
1; sixpence
1; brains
1; chamberlayne
1; arguing
1; suggesting
1; oddity
1; healthy
1; narrowminded
1; repugnant
1; chimneypiece
1; succeeds
1; rained
1; brightening
1; lamented
1; parsonage—the
1; disclosure
1; lanes
1; vastly
1; mutually
1; guiding
1; endurable
1; biting
1; food
1; unfortunate—but
1; reappear
1; glazing
1; livings
1; evil—a
1; undervaluing
1; innocently
1; boulanger—
1; nicest
1; coincide
1; halfwhisper
1; repressing
1; ein
1; internal
1; chaperon
1; awaited
1; courtier
1; ‘she
1; solid
1; stronglymarked
1; mouth
1; oxford
1; barely
1; hating
1; here’s
1; anticipate
1; inexpressible
1; sagacity
1; forcing
1; stanzas
1; enforced
1; ceremonies
1; fender
1; barbarous
1; implies
1; preceded
1; hardships
1; grownup
1; emphasis
1; succession
1; obsequious
1; objected
1; productive
1; unacknowledged
1; negatived
1; kinds
1; ablution
1; stretching
1; uncompanionable
1; drawingrooms
1; violated
1; boldly
1; sanctioned
1; desertion
1; folios
1; agonies
1; shrewish
1; amazing—but
1; corporation
1; undiminished
1; yes—but
1; reread
1; her’
1; sedateness
1; contract
1; horrible
1; unprepared
1; cleanse
1; clue
1; confidently
1; easterday
1; commercial
1; bowing
1; rocks
1; benches
1; awoke
1; halfamile
1; savours
1; love’
1; duped
1; implicit
1; instability
1; profuse
1; finelooking
1; ‘after
1; contributed
1; prettyish
1; involuntary
1; thought—reconsidering
1; remorse
1; 1d
1; performances
1; rectitude
1; exposure
1; lydia—what
1; agreeablelooking
1; dispose
1; riding
1; realised
1; inspires
1; mix
1; accurate
1; turn—and
1; pitched
1; sympathise
1; amazes
1; consign
1; mechanically
1; spiteful
1; statement
1; petition
1; improvements
1; shewed
1; impenetrably
1; threats
1; selfimposed
1; ‘lydia
1; imperturbably
1; charities
1; teatime
1; repentance
1; uncontrolled
1; disclaimers
1; consolatory
1; executors
1; metcalf’s
1; instantaneous
1; adhered
1; subsided
1; oddly
1; withstood
1; procure
1; misfortune—or
1; arriving
1; latest
1; selfwilled
1; inducements
1; disappointments
1; simpers
1; savage
1; clergy
1; forwarder
1; modification
1; firmness
1; explore
1; guardianship—how
1; obsolete
1; hurts
1; paler
1; propitious
1; decisions
1; hug
1; seclusion
1; indiscreet
1; unfrequently
1; unpleasantly
1; lessening
1; sonsinlaw
1; impartiality—deliberated
1; board
1; uniformity
1; intimidated
1; varieties
1; pg
1; songs
1; detestable
1; jot
1; go—saying
1; patient
1; turnpikeroad
1; widespread
1; corroborated
1; kympton
1; actions—may
1; forbidding
1; markettown
1; strictest
1; sings
1; seconding
1; capers
1; richard
1; prudential
1; coachman’s
1; indifferent—but
1; tithes
1; sore
1; residing
1; cooking
1; curtseyed
1; bingleys’
1; lobby
1; foresaw
1; clerical
1; evade
1; rough
1; prohibition
1; incidental
1; rested
1; rightful
1; promoted
1; luckiest
1; suspicious
1; prizes
1; dislikes
1; nettled
1; appointment
1; bestowing
1; be—engaged
1; belonging
1; wasting
1; sleeves
1; surveying
1; enemies
1; elect
1; poured
1; degenerate
1; case—was
1; petitioned
1; respective
1; unequally
1; overhearings
1; obligingly
1; nods
1; pride—for
1; missing
1; frame
1; sleepless
1; settlements
1; cooks
1; attitude
1; alleviate
1; treating
1; carpets
1; sideglass
1; solaced
1; her—and
1; certain—that
1; overspreading
1; blemish
1; supplication
1; harboured
1; jumping
1; expend
1; illness
1; bodies
1; topics
1; mingled
1; gaped
1; unsolicited
1; handwriting
1; respectful
1; insipidity
1; services
1; ridge
1; male
1; mama
1; swelled
1; july
1; shopping
1; frost
1; chanced
1; narrative
1; unqualified
1; divert
1; imaginations
1; alluding
1; tongues
1; shoes
1; blots
1; shops
1; elevate
1; verdure
1; resentments
1; fluttered
1; tortured
1; distrusted
1; censuring
1; man—he
1; jewels
1; repent
1; forwarding
1; slept
1; apprehending
1; ineffectual
1; incurred
1; trim
1; increases
1; twelvemonth’s
1; unabashed
1; indemnify
1; employee
1; altered—what
1; profit
1; speaking—stating
1; played
1; exclaim
1; ridiculing
1; revered
1; aye—because
1; lustre
1; asperity
1; stability
1; taller
1; deranged
1; corroboration
1; felicitations
1; three—very
1; reasoning
1; archbishop
1; superlatively
1; gamester
1; am—and
1; repented
1; deportment
1; injuring
1; struggle
1; quarreled
1; frighten
1; speediest
1; circumspect
1; unsocial
1; scold
1; vow
1; struggling
1; illustrious
1; querulous
1; surprise—all
1; unattended
1; valid
1; pictured
1; deletions
1; acrimony
1; elizabeth—there
1; york
1; suddenness
1; taciturn
1; haunt
1; liverpool
1; strangely
1; indelicate
1; codes
1; seminaries
1; pleasure—and
1; april
1; environs
1; celerity
1; wickham—when
1; thirdly
1; sustained
1; nonproprietary
1; discontinue
1; finances
1; peculiarity
1; escaping
1; cure
1; goulding
1; wretchedly
1; secondhand
1; inferences
1; interfering
1; neighbours’
1; differences
1; teathings
1; outdated
1; employees
1; novels
1; luncheon
1; unintelligible
1; sally
1; bosom
1; attacked
1; trout
1; argued
1; grandfather’s
1; complimenting
1; artful
1; inevitably
1; oakham
1; cambridge—most
1; languages
1; occurs
1; grace
1; unmarked
1; pressingly
1; perturbed
1; means—that
1; conjunction
1; style—and
1; apprehensive
1; discrimination
1; paintings
1; peep
1; gratification
1; imply
1; nectarines
1; transferred
1; detaching
1; heal
1; relished
1; imitate
1; invalidity
1; invalid
1; colonel’s
1; beatings
1; intruder
1; pictures
1; boxes
1; grapes
1; delivering
1; proclaim
1; interpretation
1; scarcity
1; stored
1; cheating
1; affliction
1; requited
1; losing
1; injunctions
1; conversible
1; proprietor—when
1; misused
1; honest
1; prohibited
1; confederacy
1; believes
1; kill
1; unheard
1; diversified
1; acknowledging
1; softness
1; amazing
1; repress
1; goodnaturedly
1; friends—whether
1; rings
1; data
1; circulating
1; facility
1; went—and
1; halflaughing
1; deductible
1; assistant
1; subjoin
1; it—nothing
1; dreading
1; thankfully
1; meditations
1; default
1; omit
1; ma’am—is
1; mortifications
1; inferiority—of
1; northward
1; i’m
1; not—i
1; unalloyed
1; forgetfulness
1; benefiting
1; brings
1; condescend
1; redistribute
1; amounting
1; energetic
1; resolved—nor
1; tribute
1; sanctioned’
1; dines
1; of’
1; deserted
1; maximum
1; eloped
1; perseveringly
1; you—had
1; positions
1; combated
1; instructing
1; 42671
1; vows
1; transpired
1; studier
1; military
1; sir—
1; windings
1; ﻿the
1; pigs
1; valued—that
1; stratagems
1; sofas
1; acquainted—
1; persisting
1; unfavourably
1; stepped
1; to——you
1; desire—splendid
1; practising
1; follows—
1; her—indeed
1; allude
1; insufferably
1; 2001
1; tempers
1; me—but
1; volunteer
1; stirring
1; emphatic
1; arranges
1; silliest
1; éclat
1; conciliate
1; persists
1; perusing
1; retreating
1; chances
1; fresher
1; consternation
1; britain
1; flaming
1; surmount
1; degrees
1; rapacity
1; nicely
1; thwarted
1; secrets
1; avoided
1; named
1; won’t
1; hat
1; fear—not
1; instruct
1; inflexibly
1; troubling
1; contrasted
1; achieving
1; tanned
1; signs
1; illsuccess
1; muffin
1; hatefully
1; unseldom
1; elizabeth—and
1; connubial
1; redress
1; news—capital
1; stiles
1; mounting
1; lease
1; luckless
1; coincided
1; flutterings
1; christening
1; confirm
1; salt
1; fellow’s
1; question—and
1; aught
1; sufferer
1; irish
1; 1500
1; defended
1; coincidence
1; mistakes—but
1; undertaking
1; compare
1; revolted
1; sportsmen
1; inches
1; deemed
1; regularly
1; engrossing
1; flat
1; supercilious
1; indemnity
1; falsely
1; furnished
1; awayyou
1; encamped
1; blushing
1; pronouncing
1; irreligious
1; warwick
1; ductility
1; delighting
1; stiffly
1; bequeathed
1; despicably
1; hysterics
1; paperwork
1; refinements
1; thoughtful
1; philosophic
1; french
1; all—all
1; connections—to
1; compass
1; sorely
1; too—for
1; elope
1; forgiving
1; demanding
1; motion
1; favoured
1; defection
1; airing
1; periods
1; indistinctly
1; eluded
1; falsehood—and
1; resides
1; parental
1; overflows
1; man—and
1; be—but
1; retaliate
1; compromised
1; dispirited
1; balm
1; place—which
1; replace
1; poverty
1; strictures
1; digressions
1; out—there
1; gulf
1; file
1; spars
1; dividing
1; entailing
1; mayoralty
1; disheartened
1; ‘having
1; nobody’s
1; popularity
1; cassino
1; eminence
1; denominated
1; undetermined
1; birmingham
1; tractable
1; retail
1; cultivation
1; forfeited
1; acquisition
1; ashooting
1; lad
1; position
1; cluster
1; extorted
1; commendations
1; attained
1; jewel
1; harshly
1; sportive
1; inspire
1; plainer
1; cutting
1; battled
1; unappeasable
1; intermediate
1; includes
1; acceding
1; hotels
1; merits
1; newspaper
1; win
1; speaker
1; frailty
1; defense
1; gentlest
1; crown
1; gardener
1; atoned
1; disagreeably
1; heirs
1; therefore—i
1; rises
1; lace
1; transcribe
1; next—and
1; twentyfour
1; cannot—i
1; clamorous
1; incautiously
1; illustration
1; yes—of
1; 1f2
1; weaknesses
1; adjusting
1; bennet’
1; panting
1; applies
1; joints
1; designedly
1; 809
1; missish
1; purchases—look
1; inflicted
1; blowsy
1; generously
1; meadows
1; exceptional
1; commiseration
1; allowable
1; farthing
1; noticing
1; bewitched
1; bribery
1; reproaches
1; way—teaching
1; summon
1; gaze
1; misleads
1; modified
1; conception
1; prettiercoloured
1; warded
1; fluctuating
1; originate
1; referred
1; 1e6
1; pride—where
1; hunting
1; only—some
1; accessible
1; witticisms
1; wearisome
1; headquarters
1; to—she
1; tenor
1; errand
1; elevation
1; hearing’
1; he—poor
1; teaching
1; grieving
1; synonymous
1; parishioners
1; doleful
1; incessant
1; weighty
1; devote
1; largest
1; importing
1; apparel
1; wisdom
1; design—to
1; speculation
1; communications
1; untamed
1; her—a
1; newsletter
1; exclude
1; antechamber
1; apprehended
1; burning
1; resource
1; probabilities
1; illused
1; occupies
1; undutiful
1; concerto
1; stretched
1; preparation
1; contrariwise
1; thankfulness
1; thither—for
1; hursts
1; constitution
1; disputable
1; picturegallery
1; halfhour’s
1; of—of
1; crayons
1; impute
1; disturbance
1; men—nay
1; untitled—families
1; equipage
1; creative
1; eligibility
1; together—and
1; disinclined
1; implicitness
1; meanness
1; friends’
1; losses
1; disgusting
1; deceives
1; hanging
1; inherit
1; you’ll
1; coachman
1; miserly
1; calls
1; innocence
1; detach
1; wwwgutenbergorgcontact
1; laurel
1; packed
1; breathed
1; clearing
1; anecdotes
1; transient
1; wellknown
1; ensue
1; orderly
1; hack
1; readily—easily—to
1; abrupt
1; conscientiously
1; taxes
1; sallied
1; survived
1; irregularity
1; loveliest
1; blameless
1; scarce
1; forbore
1; concern—and
1; qualification
1; scheming
1; barbarously
1; refusals
1; heads
1; smirks
1; halfhours
1; commerce
1; unassailed
1; scrupulous
1; repelled
1; puzzled
1; lastborn
1; dispositions
1; illbreeding
1; inventing
1; token
1; jilt
1; unmoved
1; avail
1; dictatorial
1; dictating
1; mind—in
1; disbelieving
1; pain—to
1; eyelashes
1; matter—to
1; unaware—to
1; attics
1; commendable
1; superintendence
1; lifetime
1; perceptible
1; squeamish
1; conversed
1; lake
1; vogue
1; point’
1; sons
1; blow
1; economically
1; superintended
1; newest
1; vehemence
1; syllables
1; edw
1; in—and
1; readable
1; possessing
1; correspond
1; crushing
1; sized
1; incur
1; harmony
1; enduring
1; 1b
1; enemy
1; requisite
1; conciliating
1; glen
1; importuned
1; february
1; alter
1; heartening
1; rivers
1; regained
1; discerning
1; gown—
1; disagreement
1; testifying
1; was—have
1; weakest
1; 1e3
1; charitable
1; passions
1; crammed
1; ut
1; appeased
1; to—but
1; everyone’s
1; cradles
1; did—i
1; hazarded
1; bell—i
1; misled
1; overflowing
1; unfolding
1; profess
1; mistook
1; counted
1; miller’s
1; woe
1; daughters’
1; muslins
1; criticise
1; counteract
1; confirms
1; dullest
1; more—but
1; scarborough
1; morality
1; humoured
1; emphatically
1; strict
1; friendlier
1; confidential
1; ambition
1; reckoned
1; gravely—but
1; regulated
1; benefits
1; regain
1; sanction
1; housemaids
1; coppicewood
1; recommenced
1; selfdeception
1; tremblings
1; faultless
1; inadequate
1; manner—in
1; ankle
1; encroaching
1; filling
1; elizabeth—
1; perforce
1; tend
1; lovemaking
1; butler
1; swelling
1; shelves
1; youths
1; rebuke
1; demean
1; reanimated
1; sarah
1; pavement
1; michael
1; abatement
1; venting
1; comprehends
1; vexing
1; lies
1; generoushearted
1; unenforceability
1; resisting
1; pretension
1; ungovernable
1; sweettempered
1; irrevocably
1; shorten
1; unknowingly
1; wind
1; calculation
1; duchess
1; edwardstreet
1; illnature
1; questions—about
1; separates
1; hasten
1; wilderness
1; last’
1; abhorrent
1; invent
1; regretted
1; prepossessed
1; replies
1; regulation
1; womanly
1; ‘had
1; wellgrown
1; imparted
1; buying
1; utterly
1; brow
1; gig
1; friend—
1; stateliness
1; dissuaded
1; admittance
1; hypertext
1; nursing
1; coquetry
1; 1f5
1; patchedup
1; wellwisher
1; heavens
1; understanding—though
1; efficacy
1; repose
1; herself—some
1; stamp
1; her—
1; mien
1; bridegroom
1; predominate
1; joking
1; wavered
1; wickedest
1; say—she
1; bestow—how
1; beneficial
1; sneer
1; epithet
1; fairest
1; insolence
1; proverb
1; jane—his
1; boisterously
1; arrange
1; granted
1; mother—yours
1; improprieties
1; turnpikes
1; cambric
1; appease
1; reverting
1; seasonable
1; subsist
1; exuberance
1; trifled
1; counterpart
1; clump
1; me—yours
1; unabated
1; mislead
1; hinted
1; spreading
1; natured
1; closer
1; grain
1; serving
1; pretense
1; camp—its
1; overthrowing
1; lend
1; strictly
1; richly
1; leave—but
1; methods
1; aid
1; amends—but
1; brotherinlaw’s
1; footstool
1; sarcastic
1; overtaken
1; apt
1; infliction
1; favourite’s
1; universities
1; mistrust
1; unavoidably
1; resuming
1; cup
1; vicinity
1; creditably
1; hunsford—between
1; permit
1; dispense
1; infringement
1; manoeuvre
1; conversation—a
1; relinquish
1; exchanged
1; overcoming
1; aspire
1; dear—yes—certainly
1; persevering
1; engross
1; exist
1; associating
1; purses
1; torment
1; eccentric
1; circulated
1; restoring
1; persevered
1; window—she
1; se’nnight
1; gladly
1; extort
1; repinings
1; unsuccessfully
1; after—the
1; sheets
1; agitations
1; strongest
1; quarrelling
1; lizzy—if
1; david
1; wellinformed
1; finds
1; liked—and
1; october
1; certain—absolutely
1; susceptibility
1; of—or
1; exuberant
1; harp
1; tedious
1; facts
1; ‘bingley
1; dawson
1; failure
1; slightingly
1; exultation
1; nearness
1; blenheim
1; remonstrance
1; imperfection
1; talks
1; tires
1; shield
1; alarms
1; british
1; ‘mr
1; closure
1; designing
1; junior
1; week’
1; fat
1; gaudy
1; me—a
1; pace
1; rendering
1; would—i
1; treasure
1; flowed
1; denying
1; derives
1; selfconceit
1; bitterest
1; insipid
1; undone
1; imitation
1; periodic
1; shillings
1; day—i
1; trials
1; outrun
1; instructed
1; artfully
1; checks
1; subsequent
1; place—excellent
1; explicitly
1; arrogance
1; staff
1; no—why
1; proceedings
1; irs
1; curtailed
1; sermonmaking
1; sharers
1; highflown
1; chin
1; diffuse
1; conscientious
1; palatable
1; indirectly
1; remainder
1; creatures
1; peacemaking
1; bewitching
1; revive
1; bad—belongs
1; near—
1; overbearing
1; corner
1; narrowest
1; reestablish
1; tens
1; arrear
1; goodtempered
1; courier
1; magistrate
1; emergence
1; race
1; henceforth
1; elderly
1; trunks
1; 646221541
1; deaden
1; expostulation
1; construction
1; overjoyed
1; unexampled
1; picturesque
1; freckled
1; confide
1; exigence
1; disturbers
1; unlink
1; fourthly
1; shameless
1; 5961887
1; disservice
1; netting
1; enough—i
1; hears
1; say—of
1; pens
1; doubly
1; lawfully
1; coaxed
1; cheap
1; mingling
1; informality
1; transcription
1; thoroughbass
1; superintends
1; practically
1; compensation
1; insists
1; candid
1; piling
1; recognized
1; town—and
1; whimsical
1; impressing
1; countries
1; insufferable
1; defied
1; audible
1; irritated
1; damaged
1; concealing
1; overtook
1; unbending
1; neighbourhoods
1; traces
1; naming
1; ruining
1; pleased—so
1; hardship
1; unwearying
1; justification
1; retreated
1; there—i
1; premeditation
1; heavylooking
1; jones—therefore
1; compressed
1; unquestionably
1; simple
1; ‘lady
1; bath
1; blameable
1; utf8
1; butcher’s
1; feet
1; tenant
1; troublesome
1; wateringplace
1; penitent
1; unfold
1; sprang
1; theatre
1; haye
1; footman
1; successor
1; consigned
1; dishonorable
1; humbling
1; palings
1; colds
1; crowd—but
1; vigorously
1; oneandtwenty
1; animating
1; seniority
1; barefaced
1; hatfield
1; deciding
1; mildly
1; scolded
1; but—good
1; childhood
1; discreditable
1; chagrin
1; leavetaking
1; condolence
1; darcy—and
1; suppositions
1; intimidate
1; exporting
1; wits—and
1; verses
1; her—their
1; avoidance
1; party—for
1; 1998
1; blasted
1; expressly
1; storing
1; forbade
1; poverty—comparative
1; detested
1; learning
1; decked
1; angelic
1; attributing
1; no—recollecting
1; casual
1; elated
1; friends—has
1; cows
1; chicken
1; characterise
1; ensign
1; flogged
1; interference—it
1; 5000
1; soldiers
1; trademarkcopyright
1; afflicted
1; amends—of
1; jane—from
1; reflecting
1; disapprove
1; entrancehall
1; wantonly
1; charlotte—impossible
1; ear
1; originator
1; fingering
1; predominance
1; fugitives
1; unjust—anything
1; prettiest
1; outstrip
1; congratulatory
1; lie
1; sang
1; hire
1; both—
1; overtures
1; admission
1; action
1; possible—advice
1; uglier
1; notifies
1; oaks
1; degradation—of
1; complaining
1; astonish
1; pglaf
1; meaning—and
1; fortitude
1; rival
1; augment
1; donation
1; appeals
1; eye’
1; intrepidity
1; trepidation
1; prided
1; jumps
1; finishing
1; fortunes
1; tremble
1; pathetic
1; contradictions
1; yes—he
1; sour
1; unworthily
1; busy
1; dullness
1; indeed—it
1; agent
1; character—there
1; participation
1; angrily
1; wiser
1; fidget
1; nominally
1; exaggeration
1; benevolent
1; so—but
1; intimation
1; bets
1; calmly
1; watches
1; plain—but
1; them—by
1; writingtable
1; refrained
1; performer’s
1; member
1; production
1; tackle
1; arch
1; controverted
1; manners—and
1; wears
1; mismanagement
1; ensuring
1; you—how
1; foresee
1; misrepresentation
1; illqualified
1; bred
1; despises
1; rencontre
1; foot
1; closely
1; news—what
1; heretofore
1; retrospections
1; occupation
1; acutest
1; china
1; oddities
1; workbags
1; invariable
1; captivation
1; man—so
1; resign
1; chatty
1; unsubdued
1; friendless
1; dismission
1; delicious
1; costing
1; petrified
1; diffuseness
1; unprofitable
1; clement’s
1; war
1; rant
1; comfortless
1; accede
1; shrink
1; sixth
1; ball—and
1; happy—your
1; pinmoney
1; longexpected
1; hardest
1; repulsed
1; frankly
1; liberty—which
1; satisfied—and
1; despicable
1; forlorn
1; construed
1; tall—oh
1; growth
1; gossiping
1; labour
1; disquiet
1; establish
1; provisions
1; captivated
1; recollection—it
1; hackneyed
1; entreating